"model","mean","variance"
"Observed",4508.00684931506,3748141.09871846
"Poisson_HMC",4508.04283196347,3143307.48030003
"NB_HMC",4555.50174908676,5731131.0205165
